{
  "IcoMoonType": "selection",
  "icons": [
    {
      "icon": {
        "paths": [
          "M188.326 76.828l634.411 329.192c39.469 20.48 54.863 69.078 34.382 108.549-7.644 14.731-19.654 26.74-34.385 34.383l-634.386 329.146c-39.47 20.478-88.068 5.083-108.547-34.387-5.944-11.455-9.045-24.172-9.046-37.077l-0.023-658.337c-0.002-44.467 36.045-80.514 80.51-80.516 12.909-0.001 25.627 3.104 37.085 9.048z"
        ],
        "attrs": [],
        "width": 931,
        "isMulticolor": false,
        "isMulticolor2": false,
        "grid": 16,
        "tags": ["rectangle"],
        "colorPermutations": {
          "21822122812552552551": [],
          "25525525516572931": []
        }
      },
      "attrs": [],
      "properties": {
        "order": 133,
        "id": 52,
        "name": "rectangle",
        "prevSize": 32,
        "code": 59648,
        "ligatures": "rectangle"
      },
      "setIdx": 0,
      "setId": 4,
      "iconIdx": 0
    },
    {
      "icon": {
        "paths": [
          "M954.384 605.616l-103.344-103.888c46.656-60.016 71.088-112.528 73.936-117.376l-55.152-32.448c-1.52 2.56-121.44 272.224-356.416 272.224-234.256 0-354.928-269.68-356.432-272.256l-55.136 32.48c2.816 4.8 26.816 56.432 72.688 115.808l-104.912 105.472 45.376 45.136 101.312-101.856c27.424 28.864 59.808 57.040 97.296 80.464l-65.168 130.32 57.248 28.624 64.688-129.376c32.483 14.194 70.146 24.022 109.621 27.562l1.403 0.102v145.536h64v-145.536c40.014-3.544 76.899-13.005 111.107-27.541l-2.387 0.901 64.176 128.368 57.248-28.624-64.48-128.944c37.776-23.28 70.4-51.488 98.064-80.384l99.872 100.416 45.392-45.184z"
        ],
        "isMulticolor": false,
        "isMulticolor2": false,
        "tags": ["invisible"],
        "defaultCode": 58881,
        "grid": 16,
        "attrs": [],
        "colorPermutations": {
          "21822122812552552551": [],
          "25525525516572931": []
        }
      },
      "attrs": [],
      "properties": {
        "id": 1,
        "order": 132,
        "ligatures": "invisible",
        "prevSize": 32,
        "code": 58881,
        "name": "invisible"
      },
      "setIdx": 0,
      "setId": 4,
      "iconIdx": 1
    },
    {
      "icon": {
        "paths": [
          "M513.44 192c-184.8 0-350.896 148.080-449.44 320 98.544 171.92 264.64 320 449.44 320s348-148.080 446.56-320c-98.544-171.92-261.76-320-446.56-320zM513.44 768c-104.96 0-255.696-68-374.752-256 119.040-188 269.792-256 374.752-256 154 0 289.168 126.928 371.744 256-82.576 129.072-217.744 256-371.744 256zM592 512c-44.183 0-80-35.817-80-80v0c0.036-32.296 19.222-60.101 46.812-72.676l0.5-0.204c-14.107-4.517-30.334-7.12-47.17-7.12-0.050 0-0.1 0-0.15 0l0.008-0c-88.368 0-160 71.632-160 160s71.632 160 160 160 160-71.632 160-160c0-16.48-2.496-32.368-7.12-47.312-12.779 28.090-40.584 47.276-72.875 47.312l-0.005 0z"
        ],
        "isMulticolor": false,
        "isMulticolor2": false,
        "tags": ["visible"],
        "defaultCode": 58882,
        "grid": 16,
        "attrs": [],
        "colorPermutations": {
          "21822122812552552551": [],
          "25525525516572931": []
        }
      },
      "attrs": [],
      "properties": {
        "id": 2,
        "order": 131,
        "ligatures": "visible",
        "prevSize": 32,
        "code": 58882,
        "name": "visible"
      },
      "setIdx": 0,
      "setId": 4,
      "iconIdx": 2
    },
    {
      "icon": {
        "paths": [
          "M668.888 753.504l2.381 2.381-76.028 76.116-2.451-2.451-2.101 2.101-77.256-77.203 2.187-2.171-246.747-247.081 76.028-76.116 246.817 247.151 484.652-484.232 77.256 77.203z"
        ],
        "attrs": [],
        "width": 1434,
        "isMulticolor": false,
        "isMulticolor2": false,
        "grid": 16,
        "tags": ["right"],
        "colorPermutations": {
          "21822122812552552551": [],
          "25525525516572931": []
        }
      },
      "attrs": [],
      "properties": {
        "order": 130,
        "id": 54,
        "name": "right",
        "prevSize": 32,
        "code": 59653,
        "ligatures": "right"
      },
      "setIdx": 0,
      "setId": 4,
      "iconIdx": 3
    },
    {
      "icon": {
        "paths": [
          "M600.202 511.995l286.684 286.684c12.153 12.153 12.153 31.919 0 44.104l-44.104 44.104c-12.185 12.153-31.95 12.153-44.104 0l-286.684-286.684-286.652 286.684c-12.185 12.153-31.919 12.153-44.104 0l-44.104-44.104c-12.185-12.185-12.185-31.95 0-44.104l286.652-286.684-286.652-286.652c-12.185-12.185-12.185-31.919 0-44.104l44.104-44.104c12.185-12.185 31.919-12.185 44.104 0l286.652 286.652 286.684-286.652c12.153-12.185 31.919-12.185 44.104 0l44.104 44.104c12.153 12.185 12.153 31.919 0 44.104l-286.684 286.652z"
        ],
        "attrs": [],
        "isMulticolor": false,
        "isMulticolor2": false,
        "grid": 16,
        "tags": ["wrong"],
        "colorPermutations": {
          "21822122812552552551": [],
          "25525525516572931": []
        }
      },
      "attrs": [],
      "properties": {
        "order": 129,
        "id": 55,
        "name": "wrong",
        "prevSize": 32,
        "code": 59654,
        "ligatures": "wrong"
      },
      "setIdx": 0,
      "setId": 4,
      "iconIdx": 4
    },
    {
      "icon": {
        "paths": [
          "M512 64c-247.424 0-448 200.576-448 448s200.576 448 448 448 448-200.576 448-448-200.576-448-448-448zM512 896c-211.744 0-384-172.256-384-384s172.256-384 384-384 384 172.256 384 384-172.256 384-384 384zM544 384h-64v381.056h64v-381.056zM544 256h-64v64h64v-64z"
        ],
        "isMulticolor": false,
        "isMulticolor2": false,
        "tags": ["info"],
        "defaultCode": 58885,
        "grid": 16,
        "attrs": [],
        "colorPermutations": {
          "21822122812552552551": [],
          "25525525516572931": []
        }
      },
      "attrs": [],
      "properties": {
        "id": 5,
        "order": 128,
        "ligatures": "info",
        "prevSize": 32,
        "code": 58885,
        "name": "info"
      },
      "setIdx": 0,
      "setId": 4,
      "iconIdx": 5
    },
    {
      "icon": {
        "paths": [
          "M864 384c-11.216 0-21.968 2.048-32 5.632v-5.632c0-176-144-320-320-320s-320 144-320 320v5.632c-9.518-3.544-20.514-5.606-31.989-5.632l-0.011-0c-52.8 0-96 43.2-96 96v128c0 52.8 43.2 96 96 96h42.592c28.368 108.976 112.848 195.744 220.608 227.12 9.536 17.104 27.584 28.88 48.464 28.88h80.688c30.608 0 55.648-25.040 55.648-55.664s-25.040-55.664-55.664-55.664h-80.688c-16.074 0.049-30.528 6.947-40.603 17.927l-0.037 0.041c-101.536-33.968-175.008-129.808-175.008-242.64v-240c0-141.152 114.848-256 256-256s256 114.848 256 256v240c0 5.408-0.48 10.688-0.816 16h0.816v60.256c0 2.064 1.68 3.744 3.744 3.744h92.256c52.8 0 96-43.2 96-96v-128c0-52.8-43.2-96-96-96zM192 640h-32c-17.344 0-32-14.656-32-32v-128c0-17.344 14.656-32 32-32s32 14.656 32 32v160zM896 608c0 17.344-14.656 32-32 32h-32v-160c0-17.344 14.656-32 32-32s32 14.656 32 32v128z"
        ],
        "isMulticolor": false,
        "isMulticolor2": false,
        "tags": ["service"],
        "defaultCode": 58886,
        "grid": 16,
        "attrs": [],
        "colorPermutations": {
          "21822122812552552551": [],
          "25525525516572931": []
        }
      },
      "attrs": [],
      "properties": {
        "id": 6,
        "order": 127,
        "ligatures": "service",
        "prevSize": 32,
        "code": 58886,
        "name": "service"
      },
      "setIdx": 0,
      "setId": 4,
      "iconIdx": 6
    },
    {
      "icon": {
        "paths": [
          "M864 512.016v351.968h-704v-703.968h352v-64h-416v831.968h832v-415.968zM417.376 561.392l448-448 45.248 45.248-448 448z"
        ],
        "isMulticolor": false,
        "isMulticolor2": false,
        "tags": ["edit"],
        "defaultCode": 58887,
        "grid": 16,
        "attrs": [],
        "colorPermutations": {
          "21822122812552552551": [],
          "25525525516572931": []
        }
      },
      "attrs": [],
      "properties": {
        "id": 7,
        "order": 126,
        "ligatures": "edit",
        "prevSize": 32,
        "code": 58887,
        "name": "edit"
      },
      "setIdx": 0,
      "setId": 4,
      "iconIdx": 7
    },
    {
      "icon": {
        "paths": [
          "M878.864 672h-0.24c-60.8 132.048-194.288 224-348.944 224-211.744 0-384-172.256-384-384s172.256-384 384-384c154.656 0 288.144 91.952 348.944 224h35.056l28.4-14.208c-68-160.784-226.832-273.792-412.4-273.792-247.424 0-448 200.576-448 448s200.576 448 448 448c180.032 0 335.088-106.288 406.288-259.456l-57.104-28.544z",
          "M885.056 366.32c-28.208-56.464-67.376-251.104-67.376-302.32h64c0 43.040 37.184 226.816 60.624 273.68l-57.248 28.64z"
        ],
        "attrs": [],
        "isMulticolor": false,
        "isMulticolor2": false,
        "grid": 16,
        "tags": ["refresh"],
        "colorPermutations": {
          "21822122812552552551": [],
          "25525525516572931": []
        }
      },
      "attrs": [],
      "properties": {
        "order": 134,
        "id": 58,
        "name": "refresh",
        "prevSize": 32,
        "code": 59649,
        "ligatures": "refresh"
      },
      "setIdx": 0,
      "setId": 4,
      "iconIdx": 8
    },
    {
      "icon": {
        "paths": [
          "M512 64c-247.424 0-448 200.576-448 448s200.576 448 448 448 448-200.576 448-448-200.576-448-448-448zM512 896c-211.744 0-384-172.256-384-384s172.256-384 384-384 384 172.256 384 384-172.256 384-384 384zM471.776 696.64h64v64h-64zM530.416 256.352c-100.432-4.912-159.888 42.656-178.416 142.672l67.2 17.216c13.904-65.568 47.872-98.4 101.952-98.4 44.784 3.312 77.328 31.504 81.952 77.392 1.52 32.832-27.136 62-70.384 94.784-41.712 29.52-61.792 68.064-60.24 115.616v24.592h62.56v-19.68c-1.552-34.432 15.424-63.952 50.976-88.56 60.256-39.36 88.816-85.248 85.744-137.76-9.248-80.288-56.384-122.96-141.344-127.872z"
        ],
        "isMulticolor": false,
        "isMulticolor2": false,
        "tags": ["question"],
        "defaultCode": 58888,
        "grid": 16,
        "attrs": [],
        "colorPermutations": {
          "21822122812552552551": [],
          "25525525516572931": []
        }
      },
      "attrs": [],
      "properties": {
        "id": 8,
        "order": 63,
        "ligatures": "question",
        "prevSize": 32,
        "code": 58888,
        "name": "question"
      },
      "setIdx": 0,
      "setId": 4,
      "iconIdx": 9
    },
    {
      "icon": {
        "paths": [
          "M944 384l-92.256-12.72 56.24-74.24-181.024-181.024-74.24 56.24-12.72-92.256h-256l-12.72 92.256-74.24-56.24-181.024 181.024 56.24 74.24-92.256 12.72v256l92.256 12.72-56.24 74.24 181.024 181.024 74.24-56.24 12.72 92.256h256l12.72-92.256 74.24 56.24 181.024-181.024-56.24-74.24 92.256-12.72v-256zM880 584.224l-145.264 20.032 88.56 116.896-102.128 102.144-116.896-88.56-14.928 108.272-5.12 36.992h-144.448l-5.104-37.008-14.928-108.272-116.896 88.56-102.128-102.144 88.56-116.896-145.28-20.016v-144.448l145.28-20.032-88.56-116.896 102.128-102.144 116.896 88.56 20.032-145.264h144.448l20.032 145.264 116.896-88.56 102.128 102.144-88.56 116.896 145.28 20.032v144.448zM512 352c-88.368 0-160 71.632-160 160s71.632 160 160 160 160-71.632 160-160-71.632-160-160-160zM512 608c-52.928 0-96-43.072-96-96s43.072-96 96-96 96 43.072 96 96-43.072 96-96 96z"
        ],
        "isMulticolor": false,
        "isMulticolor2": false,
        "tags": ["setting"],
        "defaultCode": 58889,
        "grid": 16,
        "attrs": [],
        "colorPermutations": {
          "21822122812552552551": [],
          "25525525516572931": []
        }
      },
      "attrs": [],
      "properties": {
        "id": 9,
        "order": 73,
        "ligatures": "setting",
        "prevSize": 32,
        "code": 58889,
        "name": "setting"
      },
      "setIdx": 0,
      "setId": 4,
      "iconIdx": 10
    },
    {
      "icon": {
        "paths": [
          "M512 960c-247.424 0-448-200.576-448-448s200.576-448 448-448c247.424 0 448 200.576 448 448s-200.576 448-448 448zM281.945 475.676v96.865h96.865v-96.865h-96.865zM475.676 475.676v96.865h96.865v-96.865h-96.865zM669.406 475.676v96.865h96.865v-96.865h-96.865z"
        ],
        "attrs": [],
        "isMulticolor": false,
        "isMulticolor2": false,
        "grid": 16,
        "tags": ["wait"],
        "colorPermutations": {
          "21822122812552552551": [],
          "25525525516572931": []
        }
      },
      "attrs": [],
      "properties": {
        "order": 75,
        "id": 49,
        "name": "wait",
        "prevSize": 32,
        "code": 59650,
        "ligatures": "wait"
      },
      "setIdx": 0,
      "setId": 4,
      "iconIdx": 11
    },
    {
      "icon": {
        "paths": [
          "M512 904c216.496 0 392-175.504 392-392s-175.504-392-392-392c-216.496 0-392 175.504-392 392s175.504 392 392 392zM512 960c-247.424 0-448-200.576-448-448s200.576-448 448-448c247.424 0 448 200.576 448 448s-200.576 448-448 448z"
        ],
        "attrs": [],
        "isMulticolor": false,
        "isMulticolor2": false,
        "grid": 16,
        "tags": ["check"],
        "colorPermutations": {
          "21822122812552552551": [],
          "25525525516572931": []
        }
      },
      "attrs": [],
      "properties": {
        "order": 115,
        "id": 53,
        "name": "check",
        "prevSize": 32,
        "code": 59652,
        "ligatures": "check"
      },
      "setIdx": 0,
      "setId": 4,
      "iconIdx": 12
    },
    {
      "icon": {
        "paths": [
          "M528 64c-247.424 0-448 200.576-448 448s200.576 448 448 448 448-200.576 448-448-200.576-448-448-448zM912 512c0 96.032-35.52 183.872-94 251.28l-541.28-541.28c67.408-58.48 155.248-94 251.28-94 211.744 0 384 172.256 384 384zM144 512c-0-0.114-0-0.249-0-0.384 0-92.999 33.217-178.239 88.435-244.503l-0.499 0.615 540.336 540.336c-65.649 54.719-150.89 87.936-243.888 87.936-0.135 0-0.27-0-0.405-0l0.021 0c-211.744 0-384-172.256-384-384z"
        ],
        "attrs": [],
        "isMulticolor": false,
        "isMulticolor2": false,
        "grid": 16,
        "tags": ["check-disabled"],
        "colorPermutations": {
          "21822122812552552551": [],
          "25525525516572931": []
        }
      },
      "attrs": [],
      "properties": {
        "order": 122,
        "id": 56,
        "name": "check-disabled",
        "prevSize": 32,
        "code": 59651,
        "ligatures": "check-disabled"
      },
      "setIdx": 0,
      "setId": 4,
      "iconIdx": 13
    },
    {
      "icon": {
        "paths": [
          "M512 64c-247.424 0-448 200.576-448 448s200.576 448 448 448 448-200.576 448-448c0-247.424-200.576-448-448-448zM489.376 683.648l-45.248 45.248-213.024-213.008 45.248-45.248 167.76 167.76 287.536-287.536 45.248 45.248-287.52 287.536z"
        ],
        "attrs": [],
        "isMulticolor": false,
        "isMulticolor2": false,
        "grid": 16,
        "tags": ["checked"],
        "colorPermutations": {}
      },
      "attrs": [],
      "properties": {
        "order": 136,
        "id": 59,
        "name": "checked",
        "prevSize": 32,
        "code": 59656
      },
      "setIdx": 0,
      "setId": 4,
      "iconIdx": 14
    },
    {
      "icon": {
        "paths": [
          "M512 64c-247.424 0-448 200.576-448 448s200.576 448 448 448 448-200.576 448-448-200.576-448-448-448zM760.912 715.664l-45.248 45.248-203.664-203.664-203.648 203.664-45.248-45.248 203.648-203.664-203.648-203.648 45.248-45.248 203.648 203.648 203.648-203.648 45.248 45.248-203.648 203.648 203.664 203.664z"
        ],
        "isMulticolor": false,
        "isMulticolor2": false,
        "tags": ["clear"],
        "defaultCode": 58894,
        "grid": 16,
        "attrs": [],
        "colorPermutations": {
          "21822122812552552551": [],
          "25525525516572931": []
        }
      },
      "attrs": [],
      "properties": {
        "id": 14,
        "order": 112,
        "ligatures": "clear, fail",
        "prevSize": 32,
        "code": 58894,
        "name": "clear"
      },
      "setIdx": 0,
      "setId": 4,
      "iconIdx": 15
    },
    {
      "icon": {
        "paths": [
          "M512 64c-247.424 0-448 200.576-448 448s200.576 448 448 448 448-200.576 448-448-200.576-448-448-448zM544 765.056h-64v-381.056h64v381.056zM544 320h-64v-64h64v64z"
        ],
        "attrs": [],
        "isMulticolor": false,
        "isMulticolor2": false,
        "grid": 16,
        "tags": ["info-solid"],
        "colorPermutations": {
          "21822122812552552551": [],
          "25525525516572931": []
        }
      },
      "attrs": [],
      "properties": {
        "order": 124,
        "id": 57,
        "name": "info-solid",
        "prevSize": 32,
        "code": 59655,
        "ligatures": "info-solid"
      },
      "setIdx": 0,
      "setId": 4,
      "iconIdx": 16
    },
    {
      "icon": {
        "paths": [
          "M512 64c-247.424 0-448 200.576-448 448s200.576 448 448 448 448-200.576 448-448-200.576-448-448-448zM544 768h-64v-64h64v64zM543.504 640h-65.632l-13.12-381.056h94.496l-15.744 381.056z"
        ],
        "isMulticolor": false,
        "isMulticolor2": false,
        "tags": ["warn"],
        "defaultCode": 58891,
        "grid": 16,
        "attrs": [],
        "colorPermutations": {
          "21822122812552552551": [],
          "25525525516572931": []
        }
      },
      "attrs": [],
      "properties": {
        "id": 11,
        "order": 76,
        "ligatures": "warn",
        "prevSize": 32,
        "code": 58891,
        "name": "warn"
      },
      "setIdx": 0,
      "setId": 4,
      "iconIdx": 17
    },
    {
      "icon": {
        "paths": [
          "M514.656 64h-5.328c-100.912 96.816-233.808 160.432-381.328 173.392l16 370.608c0 80 80 176 128 224s171.232 128 240 128c80 0 192-80 240-128s128-144 128-224l16-370.608c-147.52-12.96-280.416-76.576-381.344-173.392zM475.632 713.872l-233.808-218.464 43.696-46.768 187.056 174.784 262.848-281.312 46.768 43.696-306.56 328.064z"
        ],
        "isMulticolor": false,
        "isMulticolor2": false,
        "tags": ["security"],
        "defaultCode": 58895,
        "grid": 16,
        "attrs": [],
        "colorPermutations": {
          "21822122812552552551": [],
          "25525525516572931": []
        }
      },
      "attrs": [],
      "properties": {
        "id": 15,
        "order": 111,
        "ligatures": "security",
        "prevSize": 32,
        "code": 58895,
        "name": "security"
      },
      "setIdx": 0,
      "setId": 4,
      "iconIdx": 18
    },
    {
      "icon": {
        "paths": [
          "M832.96 96h-77.36l-243.6 359.008-243.616-359.008h-77.344l260.576 384h-259.616v64h288v128h-288v64h288v192h64v-192h288v-64h-288v-128h288v-64h-259.616z"
        ],
        "isMulticolor": false,
        "isMulticolor2": false,
        "tags": ["rmb"],
        "defaultCode": 58896,
        "grid": 16,
        "attrs": [],
        "colorPermutations": {
          "21822122812552552551": [],
          "25525525516572931": []
        }
      },
      "attrs": [],
      "properties": {
        "id": 16,
        "order": 106,
        "ligatures": "rmb",
        "prevSize": 32,
        "code": 58896,
        "name": "rmb"
      },
      "setIdx": 0,
      "setId": 4,
      "iconIdx": 19
    },
    {
      "icon": {
        "paths": [
          "M96 96v320h64v-256h704v256h64v-320zM864 864h-704v-256h-64v320h832v-320h-64zM256 480h512v64h-512z"
        ],
        "isMulticolor": false,
        "isMulticolor2": false,
        "tags": ["scan"],
        "defaultCode": 58897,
        "grid": 16,
        "attrs": [],
        "colorPermutations": {
          "21822122812552552551": [],
          "25525525516572931": []
        }
      },
      "attrs": [],
      "properties": {
        "id": 17,
        "order": 105,
        "ligatures": "scan",
        "prevSize": 32,
        "code": 58897,
        "name": "scan"
      },
      "setIdx": 0,
      "setId": 4,
      "iconIdx": 20
    },
    {
      "icon": {
        "paths": [
          "M863.632 864.736h-704v-705.472h352.736v-64h-416.736v833.472h832v-416.736h-64zM704.368 96v64h114.752l-393.376 393.376 45.248 45.248 457.376-457.376v-45.248zM640 96h64.368v64h-64.368z"
        ],
        "isMulticolor": false,
        "isMulticolor2": false,
        "tags": ["share"],
        "defaultCode": 58898,
        "grid": 16,
        "attrs": [],
        "colorPermutations": {
          "21822122812552552551": [],
          "25525525516572931": []
        }
      },
      "attrs": [],
      "properties": {
        "id": 18,
        "order": 100,
        "ligatures": "share",
        "prevSize": 32,
        "code": 58898,
        "name": "share"
      },
      "setIdx": 0,
      "setId": 4,
      "iconIdx": 21
    },
    {
      "icon": {
        "paths": [
          "M416 96v66.56h445.44v698.88h-698.88v-484.256l165.44 165.44 45.248-45.248-209.376-209.376h-67.872v640h832v-832z"
        ],
        "isMulticolor": false,
        "isMulticolor2": false,
        "tags": ["back"],
        "defaultCode": 58899,
        "grid": 16,
        "attrs": [],
        "colorPermutations": {
          "21822122812552552551": [],
          "25525525516572931": []
        }
      },
      "attrs": [],
      "properties": {
        "id": 19,
        "order": 99,
        "ligatures": "back",
        "prevSize": 32,
        "code": 58899,
        "name": "back"
      },
      "setIdx": 0,
      "setId": 4,
      "iconIdx": 22
    },
    {
      "icon": {
        "paths": [
          "M96 96v832h832v-832h-832zM864 864h-704v-256h179.712c26.080 69.952 93.36 120 172.288 120s146.208-50.048 172.288-120h179.712v256zM864 544h-232c-0.006 23.758-6.966 45.888-18.955 64.469l0.283-0.469c-21.296 33.584-58.704 56-101.328 56s-80.048-22.416-101.328-56c-11.706-18.112-18.666-40.242-18.672-63.998l-0-0.002h-232v-160h704v160zM864 320h-704v-160h704v160z"
        ],
        "isMulticolor": false,
        "isMulticolor2": false,
        "tags": ["card-bag"],
        "defaultCode": 58900,
        "grid": 16,
        "attrs": [],
        "colorPermutations": {
          "21822122812552552551": [],
          "25525525516572931": []
        }
      },
      "attrs": [],
      "properties": {
        "id": 20,
        "order": 96,
        "ligatures": "card-bag",
        "prevSize": 32,
        "code": 58900,
        "name": "card-bag"
      },
      "setIdx": 0,
      "setId": 4,
      "iconIdx": 23
    },
    {
      "icon": {
        "paths": [
          "M418.224 735.376h-75.872l123.744 194.464h75.872zM288.768 417.84h448v64h-448zM64.768 97.792v702.416l351.232-1.424v-64l-287.232 1.168v-574.416l766.464-3.12v574.416l-287.232 1.168v64l351.232-1.424v-702.416z"
        ],
        "isMulticolor": false,
        "isMulticolor2": false,
        "tags": ["message"],
        "defaultCode": 58901,
        "grid": 16,
        "attrs": [],
        "colorPermutations": {
          "21822122812552552551": [],
          "25525525516572931": []
        }
      },
      "attrs": [],
      "properties": {
        "id": 21,
        "order": 95,
        "ligatures": "message",
        "prevSize": 32,
        "code": 58901,
        "name": "message"
      },
      "setIdx": 0,
      "setId": 4,
      "iconIdx": 24
    },
    {
      "icon": {
        "paths": [
          "M128 64.592v894.816h768v-894.816h-768zM832 895.408h-640v-766.816h640v766.816zM256 208.592h256v64h-256z"
        ],
        "isMulticolor": false,
        "isMulticolor2": false,
        "tags": ["order"],
        "defaultCode": 58902,
        "grid": 16,
        "attrs": [],
        "colorPermutations": {
          "21822122812552552551": [],
          "25525525516572931": []
        }
      },
      "attrs": [],
      "properties": {
        "id": 22,
        "order": 92,
        "ligatures": "order",
        "prevSize": 32,
        "code": 58902,
        "name": "order"
      },
      "setIdx": 0,
      "setId": 4,
      "iconIdx": 25
    },
    {
      "icon": {
        "paths": [
          "M896 224v576h-768v-576h768M960 160h-896v704h896v-704zM592 640h224v64h-224z"
        ],
        "isMulticolor": false,
        "isMulticolor2": false,
        "tags": ["balance"],
        "defaultCode": 58903,
        "grid": 16,
        "attrs": [],
        "colorPermutations": {
          "21822122812552552551": [],
          "25525525516572931": []
        }
      },
      "attrs": [],
      "properties": {
        "id": 23,
        "order": 91,
        "ligatures": "balance",
        "prevSize": 32,
        "code": 58903,
        "name": "balance"
      },
      "setIdx": 0,
      "setId": 4,
      "iconIdx": 26
    },
    {
      "icon": {
        "paths": [
          "M64 162.752v239.088c23.792 0 45.84 7.52 64 20.224 28.976 20.272 48 53.824 48 91.776s-19.024 71.52-48 91.776c-17.817 12.651-40.011 20.224-63.974 20.224-0.009 0-0.018-0-0.027-0l0.001 0v235.424h896v-235.44c-0.008 0-0.017 0-0.026 0-23.963 0-46.157-7.573-64.319-20.457l0.345 0.233c-28.976-20.272-48-53.824-48-91.776s19.024-71.52 48-91.776c17.817-12.651 40.011-20.224 63.974-20.224 0.009 0 0.018 0 0.027 0l-0.001-0v-239.072h-896zM784 513.824c0 74.592 46.48 138.192 112 163.824v119.6h-768v-119.6c65.52-25.616 112-89.216 112-163.824s-46.48-138.192-112-163.824v-123.264h768v123.264c-65.52 25.632-112 89.232-112 163.824zM352 385.824h64v256h-64z"
        ],
        "isMulticolor": false,
        "isMulticolor2": false,
        "tags": ["coupon"],
        "defaultCode": 58904,
        "grid": 16,
        "attrs": [],
        "colorPermutations": {
          "21822122812552552551": [],
          "25525525516572931": []
        }
      },
      "attrs": [],
      "properties": {
        "id": 24,
        "order": 88,
        "ligatures": "coupon",
        "prevSize": 32,
        "code": 58904,
        "name": "coupon"
      },
      "setIdx": 0,
      "setId": 4,
      "iconIdx": 27
    },
    {
      "icon": {
        "paths": [
          "M251.312 818.752l-105.376-105.376-45.248 45.248 169.376 169.376h45.248v-832h-64zM411.312 192h512v64h-512zM411.312 480h384v64h-384zM411.312 768h256v64h-256z"
        ],
        "isMulticolor": false,
        "isMulticolor2": false,
        "tags": ["sort"],
        "defaultCode": 58905,
        "grid": 16,
        "attrs": [],
        "colorPermutations": {
          "21822122812552552551": [],
          "25525525516572931": []
        }
      },
      "attrs": [],
      "properties": {
        "id": 25,
        "order": 87,
        "ligatures": "sort",
        "prevSize": 32,
        "code": 58905,
        "name": "sort"
      },
      "setIdx": 0,
      "setId": 4,
      "iconIdx": 28
    },
    {
      "icon": {
        "paths": [
          "M176 432h64v192h-64zM112 336h192v64h-192zM112 656h192v64h-192zM688 112h-512v192h64v-128h384v704h-384v-128h-64v192h704v-832h-192zM816 880h-128v-704h128v704z"
        ],
        "isMulticolor": false,
        "isMulticolor2": false,
        "tags": ["address-book"],
        "defaultCode": 58906,
        "grid": 16,
        "attrs": [],
        "colorPermutations": {
          "21822122812552552551": [],
          "25525525516572931": []
        }
      },
      "attrs": [],
      "properties": {
        "id": 26,
        "order": 84,
        "ligatures": "address-book",
        "prevSize": 32,
        "code": 58906,
        "name": "address-book"
      },
      "setIdx": 0,
      "setId": 4,
      "iconIdx": 29
    },
    {
      "icon": {
        "paths": [
          "M160 64.592v894.816h704v-894.816h-704zM800 895.408h-576v-766.816h576v766.816zM384 752.592h256v64h-256z"
        ],
        "isMulticolor": false,
        "isMulticolor2": false,
        "tags": ["mobile-phone"],
        "defaultCode": 58907,
        "grid": 16,
        "attrs": [],
        "colorPermutations": {
          "21822122812552552551": [],
          "25525525516572931": []
        }
      },
      "attrs": [],
      "properties": {
        "id": 27,
        "order": 83,
        "ligatures": "mobile-phone",
        "prevSize": 32,
        "code": 58907,
        "name": "mobile-phone"
      },
      "setIdx": 0,
      "setId": 4,
      "iconIdx": 30
    },
    {
      "icon": {
        "paths": [
          "M864 449.376l-352-352-445.248 445.248h90.496l2.752-2.752v386.752h704v-386.752l2.752 2.752h90.496l-93.248-93.248zM800 862.624h-576v-386.736l288-288 288 288v386.736z"
        ],
        "isMulticolor": false,
        "isMulticolor2": false,
        "tags": ["home"],
        "defaultCode": 58908,
        "grid": 16,
        "attrs": [],
        "colorPermutations": {
          "21822122812552552551": [],
          "25525525516572931": []
        }
      },
      "attrs": [],
      "properties": {
        "id": 28,
        "order": 80,
        "ligatures": "home",
        "prevSize": 32,
        "code": 58908,
        "name": "home"
      },
      "setIdx": 0,
      "setId": 4,
      "iconIdx": 31
    },
    {
      "icon": {
        "paths": [
          "M512 64c-247.424 0-448 200.576-448 448s200.576 448 448 448 448-200.576 448-448-200.576-448-448-448zM512 896c-211.744 0-384-172.256-384-384s172.256-384 384-384 384 172.256 384 384-172.256 384-384 384zM320 704l256-128 128-256-256 128z"
        ],
        "isMulticolor": false,
        "isMulticolor2": false,
        "tags": ["discovery"],
        "defaultCode": 58909,
        "grid": 16,
        "attrs": [],
        "colorPermutations": {
          "21822122812552552551": [],
          "25525525516572931": []
        }
      },
      "attrs": [],
      "properties": {
        "id": 29,
        "order": 113,
        "ligatures": "discovery",
        "prevSize": 32,
        "code": 58909,
        "name": "discovery"
      },
      "setIdx": 0,
      "setId": 4,
      "iconIdx": 32
    },
    {
      "icon": {
        "paths": [
          "M384 192h256v64h-256zM672 128h64v192h-64zM288 128h64v192h-64zM768 192v64h96v576h-704v-576h96.016v-64h-160.016v704h832v-704zM288 448h64v64h-64zM288 640h64v64h-64zM480 448h64v64h-64zM480 640h64v64h-64zM672 448h64v64h-64zM672 640h64v64h-64z"
        ],
        "isMulticolor": false,
        "isMulticolor2": false,
        "tags": ["calendar"],
        "defaultCode": 58910,
        "grid": 16,
        "attrs": [],
        "colorPermutations": {
          "21822122812552552551": [],
          "25525525516572931": []
        }
      },
      "attrs": [],
      "properties": {
        "id": 30,
        "order": 110,
        "ligatures": "calendar",
        "prevSize": 32,
        "code": 58910,
        "name": "calendar"
      },
      "setIdx": 0,
      "setId": 4,
      "iconIdx": 33
    },
    {
      "icon": {
        "paths": [
          "M512 784c194.4 0 352-157.6 352-352s-157.6-352-352-352-352 157.6-352 352 157.6 352 352 352zM512 144c158.8 0 288 129.2 288 288s-129.2 288-288 288-288-129.2-288-288 129.2-288 288-288zM128 880h768v64h-768z"
        ],
        "isMulticolor": false,
        "isMulticolor2": false,
        "tags": ["user"],
        "defaultCode": 58911,
        "grid": 16,
        "attrs": [],
        "colorPermutations": {
          "21822122812552552551": [],
          "25525525516572931": []
        }
      },
      "attrs": [],
      "properties": {
        "id": 31,
        "order": 107,
        "ligatures": "user",
        "prevSize": 32,
        "code": 58911,
        "name": "user"
      },
      "setIdx": 0,
      "setId": 4,
      "iconIdx": 34
    },
    {
      "icon": {
        "paths": [
          "M512 64c-247.424 0-448 200.576-448 448s200.576 448 448 448 448-200.576 448-448-200.576-448-448-448zM512 896c-211.744 0-384-172.256-384-384s172.256-384 384-384 384 172.256 384 384-172.256 384-384 384zM512 288h-64v288h288v-64h-224z"
        ],
        "isMulticolor": false,
        "isMulticolor2": false,
        "tags": ["time"],
        "defaultCode": 58912,
        "grid": 16,
        "attrs": [],
        "colorPermutations": {
          "21822122812552552551": [],
          "25525525516572931": []
        }
      },
      "attrs": [],
      "properties": {
        "id": 32,
        "order": 104,
        "ligatures": "time",
        "prevSize": 32,
        "code": 58912,
        "name": "time"
      },
      "setIdx": 0,
      "setId": 4,
      "iconIdx": 35
    },
    {
      "icon": {
        "paths": [
          "M934.624 905.376l-160.624-160.624c65.632-68.896 106-162.080 106-264.752 0-212.080-171.92-384-384-384s-384 171.92-384 384 171.92 384 384 384c0.18 0 0.394 0 0.607 0 86.567 0 166.413-28.777 230.493-77.287l-0.957 0.694 163.232 163.232 45.248-45.264zM176 480c0-176.448 143.552-320 320-320s320 143.552 320 320-143.552 320-320 320-320-143.552-320-320z"
        ],
        "isMulticolor": false,
        "isMulticolor2": false,
        "tags": ["search"],
        "defaultCode": 58913,
        "grid": 16,
        "attrs": [],
        "colorPermutations": {
          "21822122812552552551": [],
          "25525525516572931": []
        }
      },
      "attrs": [],
      "properties": {
        "id": 33,
        "order": 101,
        "ligatures": "search",
        "prevSize": 32,
        "code": 58913,
        "name": "search"
      },
      "setIdx": 0,
      "setId": 4,
      "iconIdx": 36
    },
    {
      "icon": {
        "paths": [
          "M512 64c-247.424 0-448 200.576-448 448s200.576 448 448 448 448-200.576 448-448-200.576-448-448-448zM512 896c-211.744 0-384-172.256-384-384s172.256-384 384-384 384 172.256 384 384-172.256 384-384 384zM588.016 344.992l88.768 71.008h-420.784v64h512v-72.976l-140.016-112.016zM256 616.976l140.016 112.016 39.968-49.984-88.768-71.008h420.784v-64h-512z"
        ],
        "isMulticolor": false,
        "isMulticolor2": false,
        "tags": ["switch"],
        "defaultCode": 58914,
        "grid": 16,
        "attrs": [],
        "colorPermutations": {
          "21822122812552552551": [],
          "25525525516572931": []
        }
      },
      "attrs": [],
      "properties": {
        "id": 34,
        "order": 98,
        "ligatures": "switch",
        "prevSize": 32,
        "code": 58914,
        "name": "switch"
      },
      "setIdx": 0,
      "setId": 4,
      "iconIdx": 37
    },
    {
      "icon": {
        "paths": [
          "M512 352c-106.032 0-192 85.968-192 192s85.968 192 192 192 192-85.968 192-192-85.968-192-192-192zM512 672c-70.576 0-128-57.424-128-128s57.424-128 128-128 128 57.424 128 128-57.424 128-128 128zM736 240v-112h-448v112h-224v656h896v-656h-224zM896 832h-768v-528h224v-112h320v112h224v528z"
        ],
        "isMulticolor": false,
        "isMulticolor2": false,
        "tags": ["camera"],
        "defaultCode": 58915,
        "grid": 16,
        "attrs": [],
        "colorPermutations": {
          "21822122812552552551": [],
          "25525525516572931": []
        }
      },
      "attrs": [],
      "properties": {
        "id": 35,
        "order": 97,
        "ligatures": "camera",
        "prevSize": 32,
        "code": 58915,
        "name": "camera"
      },
      "setIdx": 0,
      "setId": 4,
      "iconIdx": 38
    },
    {
      "icon": {
        "paths": [
          "M868.208 398.576c-2.096-5.184-4.576-10.144-6.88-15.216 40.24-29.024 66.672-75.952 66.672-129.36 0-88.368-71.632-160-160-160-60.032 0-111.872 33.36-139.232 82.288-34.885-11.591-75.046-18.277-116.768-18.277s-81.883 6.686-119.469 19.046l2.701-0.769c-27.36-48.928-79.2-82.288-139.232-82.288-88.368 0-160 71.632-160 160 0 53.408 26.432 100.32 66.672 129.344-2.304 5.072-4.784 10.032-6.88 15.216-17.582 42.396-27.792 91.635-27.792 143.258 0 0.064 0 0.128 0 0.192l-0-0.010c-0 0.136-0 0.298-0 0.46 0 98.043 36.885 187.472 97.535 255.166l-0.319-0.362-74.208 92.752 49.968 39.968 70.8-88.496c65.776 52.832 149.28 84.512 240.224 84.512s174.432-31.68 240.224-84.512l70.8 88.496 49.968-39.968-74.208-92.752c60.331-67.323 97.216-156.744 97.216-254.779 0-0.17-0-0.341-0-0.511l0 0.026c0-50.72-9.936-99.088-27.792-143.424zM768 158c52.928 0 96 43.072 96 96-0.002 29.235-13.123 55.404-33.798 72.942l-0.138 0.114c-31.089-45.565-70.29-83.189-115.841-111.58l-1.631-0.948c-6.13-3.834-14.098-8.338-22.238-12.556l-2.114-0.996c17.368-26.010 46.583-42.923 79.752-42.976l0.008-0zM256 158c33.177 0.053 62.392 16.966 79.541 42.628l0.219 0.348c-8.272 4.272-16.448 8.704-24.352 13.552-47.185 29.335-86.387 66.96-116.616 111.202l-0.856 1.326c-20.813-17.642-33.936-43.804-33.936-73.032 0-0.009 0-0.017 0-0.026l-0 0.001c0-52.928 43.072-96 96-96zM758.032 746.336c-13.91 16.588-28.956 31.34-45.317 44.525l-0.619 0.483c-54.848 44.112-124.4 70.672-200.096 70.672s-145.248-26.56-200.096-70.672c-16.977-13.672-32.023-28.424-45.529-44.511l-0.407-0.497c-46.016-54.848-73.968-126.202-73.968-204.085 0-0.088 0-0.177 0-0.265l-0 0.014c0-45.616 9.744-88.944 27.024-128.256 12.233-27.487 26.879-51.184 44.23-72.599l-0.47 0.599c14.718-18.187 30.773-34.242 48.356-48.486l0.604-0.474c20.816-16.881 44.513-31.526 69.971-42.947l2.029-0.813c37.745-17.075 81.839-27.025 128.256-27.025s90.511 9.95 130.264 27.832l-2.008-0.808c27.487 12.233 51.184 26.879 72.599 44.23l-0.599-0.47c18.187 14.718 34.242 30.773 48.486 48.356l0.474 0.604c16.881 20.816 31.526 44.513 42.947 69.971l0.813 2.029c17.073 37.746 27.022 81.839 27.024 128.256l0 0c0 77.632-27.824 148.864-73.968 204.336zM480 542h-96v64h160v-256h-64z"
        ],
        "isMulticolor": false,
        "isMulticolor2": false,
        "tags": ["clock"],
        "defaultCode": 58916,
        "grid": 16,
        "attrs": [],
        "colorPermutations": {
          "21822122812552552551": [],
          "25525525516572931": []
        }
      },
      "attrs": [],
      "properties": {
        "id": 36,
        "order": 94,
        "ligatures": "clock",
        "prevSize": 32,
        "code": 58916,
        "name": "clock"
      },
      "setIdx": 0,
      "setId": 4,
      "iconIdx": 39
    },
    {
      "icon": {
        "paths": [
          "M672 256v-128h-320v128h-288v640h896v-640h-288zM416 192h192v64h-192v-64zM896 832h-768v-512h768v512zM352 544h320v64h-320z"
        ],
        "isMulticolor": false,
        "isMulticolor2": false,
        "tags": ["profession"],
        "defaultCode": 58917,
        "grid": 16,
        "attrs": [],
        "colorPermutations": {
          "21822122812552552551": [],
          "25525525516572931": []
        }
      },
      "attrs": [],
      "properties": {
        "id": 37,
        "order": 93,
        "ligatures": "profession",
        "prevSize": 32,
        "code": 58917,
        "name": "profession"
      },
      "setIdx": 0,
      "setId": 4,
      "iconIdx": 40
    },
    {
      "icon": {
        "paths": [
          "M672 224v-128h-320v128h-224v64h768v-64h-224zM416 224v-64h192v64h-192zM768 864h-512v-544h-64v608h640v-608h-64zM384 416h64v320h-64zM576 416h64v320h-64z"
        ],
        "isMulticolor": false,
        "isMulticolor2": false,
        "tags": ["delete"],
        "defaultCode": 58918,
        "grid": 16,
        "attrs": [],
        "colorPermutations": {
          "21822122812552552551": [],
          "25525525516572931": []
        }
      },
      "attrs": [],
      "properties": {
        "id": 38,
        "order": 90,
        "ligatures": "delete",
        "prevSize": 32,
        "code": 58918,
        "name": "delete"
      },
      "setIdx": 0,
      "setId": 4,
      "iconIdx": 41
    },
    {
      "icon": {
        "paths": [
          "M64 160v704h896v-704h-896zM896 800h-768v-576h768v576zM352 608c70.692 0 128-57.308 128-128s-57.308-128-128-128v0c-70.692 0-128 57.308-128 128s57.308 128 128 128v0zM352 416c35.296 0 64 28.704 64 64s-28.704 64-64 64-64-28.704-64-64 28.704-64 64-64zM576 384h224v64h-224zM576 576h160v64h-160z"
        ],
        "isMulticolor": false,
        "isMulticolor2": false,
        "tags": ["id-card"],
        "defaultCode": 58919,
        "grid": 16,
        "attrs": [],
        "colorPermutations": {
          "21822122812552552551": [],
          "25525525516572931": []
        }
      },
      "attrs": [],
      "properties": {
        "id": 39,
        "order": 89,
        "ligatures": "id-card",
        "prevSize": 32,
        "code": 58919,
        "name": "id-card"
      },
      "setIdx": 0,
      "setId": 4,
      "iconIdx": 42
    },
    {
      "icon": {
        "paths": [
          "M928 94.224h-832l320 421.2v286.368l192 128v-414.368l320-421.2zM544 641.776v168.416l-64-42.672v-273.664l-255.008-335.632h574l-254.992 335.648v147.904z"
        ],
        "isMulticolor": false,
        "isMulticolor2": false,
        "tags": ["filter"],
        "defaultCode": 58920,
        "grid": 16,
        "attrs": [],
        "colorPermutations": {
          "21822122812552552551": [],
          "25525525516572931": []
        }
      },
      "attrs": [],
      "properties": {
        "id": 40,
        "order": 86,
        "ligatures": "filter",
        "prevSize": 32,
        "code": 58920,
        "name": "filter"
      },
      "setIdx": 0,
      "setId": 4,
      "iconIdx": 43
    },
    {
      "icon": {
        "paths": [
          "M512 64c-203.248 0-368 164.752-368 368 0 27.488 3.008 54.272 8.736 80.048 36.544 164.752 359.264 447.952 359.264 447.952s322.752-283.232 359.28-448c5.712-25.76 8.72-52.528 8.72-80 0-203.248-164.752-368-368-368zM808.8 498.144c-20.688 93.296-178.576 265.2-296.8 375.488-118.208-110.272-276.096-282.16-296.784-375.44-4.587-19.866-7.216-42.679-7.216-66.105 0-0.030 0-0.061 0-0.091l-0 0.005c0-167.632 136.368-304 304-304s304 136.368 304 304c0 22.336-2.416 44.592-7.2 66.144zM512 288c-79.529 0-144 64.471-144 144v0c0 79.536 64.464 144 144 144s144-64.464 144-144c0-79.529-64.471-144-144-144v0zM512 512c-44.112 0-80-35.888-80-80s35.888-80 80-80 80 35.888 80 80-35.888 80-80 80z"
        ],
        "isMulticolor": false,
        "isMulticolor2": false,
        "tags": ["location"],
        "defaultCode": 58921,
        "grid": 16,
        "attrs": [],
        "colorPermutations": {
          "21822122812552552551": [],
          "25525525516572931": []
        }
      },
      "attrs": [],
      "properties": {
        "id": 41,
        "order": 85,
        "ligatures": "location",
        "prevSize": 32,
        "code": 58921,
        "name": "location"
      },
      "setIdx": 0,
      "setId": 4,
      "iconIdx": 44
    },
    {
      "icon": {
        "paths": [
          "M144 144h128v-64h-192v192h64zM144 752h-64v192h192v-64h-128zM752 80v64h128v128h64v-192zM880 880h-128v64h192v-192h-64zM224 635.312v164.688h576v-164.688l-170.912-110.8c26.512-28.592 42.912-66.688 42.912-108.512v-64c0-88-72-160-160-160s-160 72-160 160v64c0 41.824 16.4 79.92 42.912 108.512l-170.912 110.8zM736 736h-448v-66.768l145.872-93.232h156.24l145.888 93.232v66.768zM416 352c0-52.928 43.072-96 96-96s96 43.072 96 96v64c0 52.928-43.072 96-96 96s-96-43.072-96-96v-64z"
        ],
        "isMulticolor": false,
        "isMulticolor2": false,
        "tags": ["authentication"],
        "defaultCode": 58922,
        "grid": 16,
        "attrs": [],
        "colorPermutations": {
          "21822122812552552551": [],
          "25525525516572931": []
        }
      },
      "attrs": [],
      "properties": {
        "id": 42,
        "order": 82,
        "ligatures": "authentication",
        "prevSize": 32,
        "code": 58922,
        "name": "authentication"
      },
      "setIdx": 0,
      "setId": 4,
      "iconIdx": 45
    },
    {
      "icon": {
        "paths": [
          "M512 64c-247.424 0-448 200.576-448 448s200.576 448 448 448 448-200.576 448-448-200.576-448-448-448zM512 128c138.656 0 260.352 73.872 327.872 184.32l-194.080 112.048c-28.592-43.552-77.792-72.368-133.792-72.368s-105.2 28.816-133.792 72.368l-194.080-112.048c67.52-110.448 189.216-184.32 327.872-184.32zM512 608c-52.928 0-96-43.072-96-96s43.072-96 96-96 96 43.072 96 96-43.072 96-96 96zM128 512c0-50.272 9.808-98.288 27.456-142.336l199.056 114.928c-1.541 8.209-2.453 17.682-2.512 27.356l-0 0.052c0 77.408 54.976 141.952 128 156.784v225.776c-196.816-16.32-352-181.6-352-382.56zM544 894.56v-225.776c73.024-14.832 128-79.376 128-156.784 0-9.36-0.976-18.48-2.512-27.408l199.056-114.928c17.37 42.088 27.456 90.955 27.456 142.178 0 0.055-0 0.111-0 0.166l0-0.008c0 200.96-155.184 366.24-352 382.56z"
        ],
        "isMulticolor": false,
        "isMulticolor2": false,
        "tags": ["motor-vehicle"],
        "defaultCode": 58923,
        "grid": 16,
        "attrs": [],
        "colorPermutations": {
          "21822122812552552551": [],
          "25525525516572931": []
        }
      },
      "attrs": [],
      "properties": {
        "id": 43,
        "order": 81,
        "ligatures": "motor-vehicle",
        "prevSize": 32,
        "code": 58923,
        "name": "motor-vehicle"
      },
      "setIdx": 0,
      "setId": 4,
      "iconIdx": 46
    },
    {
      "icon": {
        "paths": [
          "M722.24 549.008c-44.4 48.896-85.2 68.768-123.232 68.768-45.168 0-86.4-28.032-124.992-68.736-99.088-104.48-92.736-164.112-3.6-255.968-45.92-44.576-194.672-189.28-194.672-189.28s-178.624 72.208-178.624 216.208c0 105.648 101.312 232.032 237.76 367.088 130.24 128.912 266.192 233.12 391.152 233.12 136.848 0 200.848-185.12 200.848-185.12l-204.64-186.080zM726.048 856.224c-87.008 0-200.24-70.192-346.128-214.608-54.128-53.568-218.8-216.56-218.8-321.616 0-66.080 61.776-113.84 102.912-138.336l118.88 115.6c-72.192 99.2-57.392 188.192 44.672 295.808 56.608 59.68 112.672 88.688 171.424 88.688 42.272 0 83.648-15.424 123.552-45.952l126.912 115.408c-22.048 42.144-64.784 105.008-123.424 105.008z"
        ],
        "isMulticolor": false,
        "isMulticolor2": false,
        "tags": ["phone"],
        "defaultCode": 58924,
        "grid": 16,
        "attrs": [],
        "colorPermutations": {
          "21822122812552552551": [],
          "25525525516572931": []
        }
      },
      "attrs": [],
      "properties": {
        "id": 44,
        "order": 114,
        "ligatures": "phone",
        "prevSize": 32,
        "code": 58924,
        "name": "phone"
      },
      "setIdx": 0,
      "setId": 4,
      "iconIdx": 47
    },
    {
      "icon": {
        "paths": [
          "M376.448 320h-216.448v384h216.448l487.552 243.776v-871.552l-487.552 243.776zM800 844.208l-408.448-204.208h-167.552v-256h167.552l408.448-204.224v664.432zM320 448h64v128h-64z"
        ],
        "isMulticolor": false,
        "isMulticolor2": false,
        "tags": ["volumn"],
        "defaultCode": 58925,
        "grid": 16,
        "attrs": [],
        "colorPermutations": {
          "21822122812552552551": [],
          "25525525516572931": []
        }
      },
      "attrs": [],
      "properties": {
        "id": 45,
        "order": 109,
        "ligatures": "volumn",
        "prevSize": 32,
        "code": 58925,
        "name": "volumn"
      },
      "setIdx": 0,
      "setId": 4,
      "iconIdx": 48
    },
    {
      "icon": {
        "paths": [
          "M370.752 512l373.008-373.024-45.248-45.248-418.272 418.272 418.272 418.272 45.248-45.248-45.248-45.264z"
        ],
        "isMulticolor": false,
        "isMulticolor2": false,
        "tags": ["arrow-left"],
        "defaultCode": 58883,
        "grid": 16,
        "attrs": [],
        "colorPermutations": {
          "21822122812552552551": [],
          "25525525516572931": []
        }
      },
      "attrs": [],
      "properties": {
        "id": 3,
        "order": 108,
        "ligatures": "arrow-left",
        "prevSize": 32,
        "code": 58883,
        "name": "arrow-left"
      },
      "setIdx": 0,
      "setId": 4,
      "iconIdx": 49
    },
    {
      "icon": {
        "paths": [
          "M653.248 512l-373.008 373.024 45.248 45.248 418.272-418.272-418.272-418.272-45.248 45.248 45.248 45.264z"
        ],
        "isMulticolor": false,
        "isMulticolor2": false,
        "tags": ["arrow-right"],
        "defaultCode": 58928,
        "grid": 16,
        "attrs": [],
        "colorPermutations": {
          "21822122812552552551": [],
          "25525525516572931": []
        }
      },
      "attrs": [],
      "properties": {
        "id": 46,
        "order": 103,
        "ligatures": "arrow-right",
        "prevSize": 32,
        "code": 58928,
        "name": "arrow-right"
      },
      "setIdx": 0,
      "setId": 4,
      "iconIdx": 50
    },
    {
      "icon": {
        "paths": [
          "M512 370.752l373.024 373.008 45.248-45.248-418.272-418.272-418.272 418.272 45.248 45.248 45.264-45.248z"
        ],
        "isMulticolor": false,
        "isMulticolor2": false,
        "tags": ["arrow-up"],
        "defaultCode": 58931,
        "grid": 16,
        "attrs": [],
        "colorPermutations": {
          "21822122812552552551": [],
          "25525525516572931": []
        }
      },
      "attrs": [],
      "properties": {
        "id": 47,
        "order": 102,
        "ligatures": "arrow-up",
        "prevSize": 32,
        "code": 58931,
        "name": "arrow-up"
      },
      "setIdx": 0,
      "setId": 4,
      "iconIdx": 51
    },
    {
      "icon": {
        "paths": [
          "M512 653.248l-373.024-373.008-45.248 45.248 418.272 418.272 418.272-418.272-45.248-45.248-45.264 45.248z"
        ],
        "isMulticolor": false,
        "isMulticolor2": false,
        "tags": ["arrow-down"],
        "defaultCode": 58932,
        "grid": 16,
        "attrs": [],
        "colorPermutations": {
          "21822122812552552551": [],
          "25525525516572931": []
        }
      },
      "attrs": [],
      "properties": {
        "id": 48,
        "order": 65,
        "ligatures": "arrow-down",
        "prevSize": 32,
        "code": 58932,
        "name": "arrow-down"
      },
      "setIdx": 0,
      "setId": 4,
      "iconIdx": 52
    },
    {
      "icon": {
        "paths": [
          "M854.624 214.624l-45.248-45.248-297.376 297.376-297.376-297.376-45.248 45.248 297.376 297.376-297.376 297.376 45.248 45.248 297.376-297.376 297.376 297.376 45.248-45.248-297.376-297.376z"
        ],
        "isMulticolor": false,
        "isMulticolor2": false,
        "tags": ["close"],
        "defaultCode": 58884,
        "grid": 16,
        "attrs": [],
        "colorPermutations": {
          "21822122812552552551": [],
          "25525525516572931": []
        }
      },
      "attrs": [],
      "properties": {
        "id": 4,
        "order": 69,
        "ligatures": "close",
        "prevSize": 32,
        "code": 58884,
        "name": "close"
      },
      "setIdx": 0,
      "setId": 4,
      "iconIdx": 53
    }
  ],
  "height": 1024,
  "metadata": { "name": "mand-mobile" },
  "preferences": {
    "showGlyphs": true,
    "showQuickUse": true,
    "showQuickUse2": true,
    "showSVGs": true,
    "fontPref": {
      "prefix": "md-icon-",
      "metadata": {
        "fontFamily": "mand-mobile",
        "majorVersion": 1,
        "minorVersion": 0
      },
      "metrics": { "emSize": 1024, "baseline": 12.5, "whitespace": 0 },
      "embed": false,
      "showMetrics": false,
      "autoHost": true,
      "showSelector": false,
      "showMetadata": false,
      "showVersion": false
    },
    "imagePref": {
      "prefix": "icon-",
      "png": true,
      "useClassSelector": true,
      "color": 0,
      "bgColor": 16777215,
      "classSelector": ".icon"
    },
    "historySize": 50,
    "showCodes": false,
    "gridSize": 16,
    "showGrid": true,
    "showLiga": true,
    "quickUsageToken": {
      "UntitledProject":
        "ZDEwNDQwZDc5ZjE3NjRiMjQ2M2U4Y2M4ODA1YjVlOTgjMSMxNTQyMjYyNTQ4IyMj"
    }
  }
}
