{
  "props": {
    "v-app": {
      "dark": false,
      "light": false
    },
    "v-autocomplete": {
      "activator": false,
      "closeOnClick": false,
      "closeOnContentClick": false,
      "nudgeBottom": false,
      "nudgeLeft": false,
      "nudgeRight": false,
      "nudgeTop": false,
      "nudgeWidth": false,
      "offsetX": false,
      "offsetY": false,
      "transition": false
    },
    "v-bottom-sheet": {
      "close-delay": false,
      "open-delay": false,
      "return-value": false
    },
    "v-combobox": {
      "activator": false,
      "closeOnClick": false,
      "closeOnContentClick": false,
      "nudgeBottom": false,
      "nudgeLeft": false,
      "nudgeRight": false,
      "nudgeTop": false,
      "nudgeWidth": false,
      "offsetX": false,
      "offsetY": false,
      "transition": false
    },
    "v-dialog": {
      "close-delay": false,
      "open-delay": false,
      "return-value": false
    },
    "v-overflow-btn": {
      "activator": false,
      "closeOnClick": false,
      "closeOnContentClick": false,
      "delimiters": false,
      "nudgeBottom": false,
      "nudgeLeft": false,
      "nudgeRight": false,
      "nudgeTop": false,
      "nudgeWidth": false,
      "offsetX": false,
      "offsetY": false,
      "transition": false
    },
    "v-checkbox": {
      "height": false,
      "loading": false
    },
    "v-radio": {
      "height": false
    },
    "v-radio-group": {
      "color": false,
      "height": false,
      "loading": false
    },
    "v-switch": {
      "height": false
    },
    "v-window": {
      "mandatory": false,
      "max": false,
      "multiple": false
    },
    "v-file-input": {
      "readonly": false
    },
    "v-tooltip": {
      "dark": false,
      "light": false
    }
  }
}
