{
  "zero-pro": {
    "title": "Zero Theme Pro",
    "description": "Zero is a carefully crafted multi-purpose, responsive, and gorgeous theme that delivers a clean user experience.",
    "src": "https://cdn.vuetifyjs.com/store/themes/zero/main.png",
    "free": false,
    "url": "https://store.vuetifyjs.com/product/zero-theme-pro",
    "demoUrl": ["https://zero-theme-pro.johnleider.com"]
  },
  "dashboard-pro": {
    "title": "Material Dashboard Pro",
    "description": "Vuetify Material Dashboard PRO is a beautiful theme built over Vuetify, Vuex and Vuejs.",
    "src": "https://cdn.vuetifyjs.com/images/starter/vuetify-admin-dashboard-pro.jpg",
    "free": false,
    "url": "https://www.creative-tim.com/product/vuetify-material-dashboard-pro",
    "demoUrl": [
      "https://demos.creative-tim.com/vuetify-material-dashboard-pro/"
    ],
    "query": "&partner=116160"
  },
  "material-kit": {
    "title": "Material Kit",
    "description": "A complete set of Material Inspired themes built with Vuetify on top of Vue CLI.",
    "src": "https://cdn.vuetifyjs.com/images/starter/vuetify-material-kit.png",
    "free": false,
    "url": "https://store.vuetifyjs.com/product/material-kit-theme",
    "demoUrl": [
      "https://material-kit.vuetifyjs.com"
    ]
  },
  "alpha-theme": {
    "title": "Alpha Theme",
    "description": "Complete theme experience including enhanced Vue CLI, full documentation, 5 custom components and much more!",
    "src": "https://cdn.vuetifyjs.com/images/starter/vuetify-alpha-theme.png",
    "free": false,
    "url": "https://store.vuetifyjs.com/product/alpha-theme",
    "demoUrl": [
      [
        "Construction",
        "https://alpha-construction.vuetifyjs.com"
      ],
      [
        "Creative",
        "https://alpha-creative.vuetifyjs.com"
      ],
      [
        "SaaS",
        "https://alpha-saas.vuetifyjs.com"
      ],
      [
        "Ecommerce",
        "https://alpha-ecommerce.vuetifyjs.com"
      ]
    ]
  },
  "zero-free": {
    "title": "Zero Theme Free",
    "description": "The Free version of the Zero theme.",
    "src": "https://cdn.vuetifyjs.com/store/themes/zero/free.png",
    "free": true,
    "url": "https://store.vuetifyjs.com/product/zero-theme-free",
    "demoUrl": [
      ["https://zero-theme-free.johnleider.com"]
    ]
  },
  "dashboard": {
    "title": "Material Dashboard Free",
    "description": "Vuetify Material Dashboard is a beautiful resource built over Vuetify, Vuex and Vue.js.",
    "src": "https://cdn.vuetifyjs.com/images/starter/vuetify-admin-dashboard.jpg",
    "free": true,
    "url": "https://www.creative-tim.com/product/vuetify-material-dashboard",
    "demoUrl": [
      "https://demos.creative-tim.com/vuetify-material-dashboard"
    ],
    "query": "&partner=116160"
  },
  "freelance": {
    "title": "Freelancer",
    "description": "A single page Material inspired theme for Freelancers.",
    "src": "https://cdn.vuetifyjs.com/images/starter/freelancer.png",
    "free": true,
    "url": "https://store.vuetifyjs.com/product/freelancer-theme-free/",
    "demoUrl": [
      "https://freelancer-free.johnleider.com/"
    ]
  },
  "parallax": {
    "title": "Parallax",
    "description": "This beautiful single page parallax is a great home page for any application.",
    "src": "https://cdn.vuetifyjs.com/images/starter/parallax-2020-large.png",
    "free": true,
    "url": "https://store.vuetifyjs.com/product/parallax-theme-free/",
    "demoUrl": [
      "https://parallax-theme-free.johnleider.com/"
    ]
  },
  "blog": {
    "title": "Blog",
    "description": "A simple template that features a clean interface for creating a blog or blog-like application.",
    "src": "https://cdn.vuetifyjs.com/images/starter/blog.png",
    "free": true,
    "url": "https://store.vuetifyjs.com/product/blog-theme-free/",
    "demoUrl": [
      "https://blog-free.johnleider.com"
    ]
  }
}
